{
  "schema_version": "1.0",
  "assignment": "5.0-5.4-cnn-vit-reader-and-card-cascade",
  "historical_cnn_v1": {
    "commit": "4b59b2c",
    "parameter_count": 118307,
    "result_sha256": "4fedd3a331cbcf1489184e31bb745e07985ce397f7665b9ce8a0f679f524183f"
  },
  "dataset": {
    "sample_count": 1402,
    "dataset_sha256": "19c572ca531b6afb7e5f872e28be024a393d7b524824fa768b33104698bfdbb9",
    "split_sha256": "b11b6a20eb419b57ea69930d0341f2c0dbc9db2d9fa1f8012d8652193d8b9e49",
    "audit_sha256": "9301a6698e4063ea654e753a8105efc0aab729f6d06cf1df14451305d71c070e",
    "coverage_audit_sha256": "900c9303e016c2b53e3d970e72a257c2c668a9dae69e0b2b7003df913d64624c",
    "train_vocabulary_sha256": "30df193be6e3e1562173f64a3921d61c871cf56c087f3dcb6cf973acdde9119b",
    "split_sample_counts": {
      "train": 1159,
      "validation": 67,
      "test": 176
    }
  },
  "train_coverage": {
    "real_samples": 191,
    "synthetic_samples": 968,
    "numeric_lines": 241,
    "code_or_formula_lines": 121,
    "punctuation_lines": 514,
    "long_lines_at_least_48_characters": 63
  },
  "ctc_preflight": {
    "target_height": 32,
    "temporal_downsample": 4,
    "train_width_range": [45, 936],
    "validation_width_range": [55, 863],
    "train_minimum_ctc_margin": 5,
    "validation_minimum_ctc_margin": 10,
    "infeasible_samples": 0
  },
  "augmentation": {
    "policy_id": "assignment-5-shared-line-augmentation-v1",
    "sha256": "a81e496e1ea10adf60c1f7fe3569163fd4db3c185f9c23143df38b2742a1a6e6",
    "deterministic_key": ["policy_id", "seed", "epoch", "sample_id"],
    "applied_splits": ["train"]
  },
  "cnn_v2_capacity_gate": {
    "run_id": "20260720T043454017958Z-9fc2afedf4d3",
    "parameter_count": 120629,
    "steps_completed": 420,
    "initial_loss": 12.344178199768066,
    "final_loss": 0.01883970946073532,
    "exact_match_count": 32,
    "character_error_rate": 0.0,
    "elapsed_seconds": 607.1970090000004,
    "report_sha256": "66e775a4720aa5b4b41cd51b8c2192477cf13c17436f6a2f3233b276a8db3ec5",
    "checkpoint_sha256": "f5401ea9b844a3a6083b455ea533bdc2a308ba5f476979e8328c3904bb97ee68"
  },
  "cnn_v2_validation_selection": {
    "run_id": "20260720T045724708964Z-3d3a8db19afe",
    "parameter_count": 120629,
    "cpu_thread_count": 16,
    "best_epoch": 41,
    "epochs_completed": 51,
    "duration_seconds": 1165.98449,
    "validation_cer": 0.06278538812785388,
    "validation_wer": 0.23106060606060605,
    "validation_exact_match_count": 47,
    "validation_sample_count": 67,
    "checkpoint_sha256": "3ed85c65574b13266c641691faa8455a7d68ca2dd99d36a7faa790e72f38ecab",
    "validation_report_sha256": "e8064a1abc9834f67b8a505a36a80b5ecfc12e28fc7f96a0befad7859bedad31"
  },
  "vit_v1_capacity_gate": {
    "run_id": "20260720T052419929924Z-093547853761",
    "config_sha256": "c6105234fa3a83a5ec3481176c9480d0a3a1a65fbf031b25497ec9813a939b91",
    "parameter_count": 111253,
    "steps_completed": 480,
    "initial_loss": 12.313605308532715,
    "final_loss": 0.011274116113781929,
    "exact_match_count": 32,
    "character_error_rate": 0.0,
    "elapsed_seconds": 112.71849479999946,
    "report_sha256": "69554c853d5ce684563f59de65c53fb07b2b6c403117e9e5494b2d53dd5a1caf",
    "checkpoint_sha256": "5ddc4dc7b9e2b6a494bdf15ad4b351c3f147637b2b19c2b4aa5da68b9a293da2"
  },
  "vit_v1_validation_selection": {
    "run_id": "20260720T052714101598Z-8ab94f2b387a",
    "parameter_count": 111253,
    "cpu_thread_count": 16,
    "best_epoch": 55,
    "epochs_completed": 60,
    "duration_seconds": 787.537324,
    "validation_cer": 0.3179223744292237,
    "validation_wer": 1.0,
    "validation_exact_match_count": 2,
    "validation_sample_count": 67,
    "checkpoint_sha256": "81120eeec3b61ec26055010bf21f8bf9bf44a66d4e6eabe9bec6fec07e49f257",
    "validation_report_sha256": "0634e87c5a6e0bb9ae7ec439de9ccf1b31b582ec5308ac1c769e9d74e55ce644"
  },
  "sealed_test_comparison": {
    "protocol_sha256": "dba535eae96afc7f7408083b579dcb5a8aab23b1bac0240fdbb448fde1ac2933",
    "preflight_passed": true,
    "model_inference_performed_at_preflight": false,
    "test_access_ledger_existed_at_preflight": false,
    "bootstrap_iterations": 5000,
    "latency_warmup_runs": 2,
    "latency_timed_runs": 7,
    "status": "completed",
    "run_id": "20260720T055037227580Z-f42262e6dd2b",
    "report_sha256": "b14e10675d39e2f3419c62dfc927b4a2191226c5d19d8eeecee592e3e90de985",
    "results": {
      "cnn_v2": {
        "cer": 0.115,
        "wer": 0.315450643776824,
        "exact_match_count": 73,
        "sample_count": 176,
        "median_milliseconds_per_line": 4.413774999999408
      },
      "vit_v1": {
        "cer": 0.44607142857142856,
        "wer": 0.944206008583691,
        "exact_match_count": 5,
        "sample_count": 176,
        "median_milliseconds_per_line": 0.6866221590888183
      },
      "rapidocr_stored": {
        "cer": 0.007142857142857143,
        "wer": 0.0407725321888412,
        "exact_match_count": 158,
        "sample_count": 176
      }
    },
    "cnn_minus_vit_cer_difference": -0.33107142857142857,
    "cnn_minus_vit_cer_95_interval": [-0.4125533717161482, -0.25506096924750093]
  },
  "test_access": {
    "lecture_id": "cs231n-2025-lecture-05",
    "reader_inference_opened": true,
    "access_count": 1,
    "ledger_sha256": "66a5cba20aa30f7802c3e042934017e959d5a3fdf2bbeddce6275e31550555e0",
    "rule": "The sealed reader test is closed and cannot be rerun."
  },
  "card_cascade_v1_aborted": {
    "protocol_sha256": "d8139b8376590341f9f7b3573488d1578fb06d5f4ff2737251b2e1a4a39efa76",
    "record_count": 5,
    "records_sha256": "a6a3e4e5f09299ab37cca307c07ceff69010d5ad630c6ad317532d53f5dcb3dc",
    "reason": "Soft no-thinking control and orphaned child requests caused multi-minute hidden reasoning. No v1 result is included in the downstream comparison."
  },
  "card_cascade_v2": {
    "confirmatory_status": "exploratory_after_infrastructure_revision_on_l5",
    "protocol_sha256": "e98806ff24714259b4d58e0a4debe0f0e24a50261b9138ed1ad6c7fd804e0f06",
    "model": "qwen3:4b",
    "model_digest": "359d7dd4bcdab3d86b87d73ac27966f4dbb9f5efdfcc75d34a8764a09474fae7",
    "reasoning_effort": "none",
    "page_count": 16,
    "generation_record_count": 48,
    "generation_manifest_sha256": "123b21b76ae59236f70d5761a06323f2ccc92751aee7925f2efcdebfa27dfcdd",
    "generation_records_sha256": "73137aabcdef105f3f695de0f55e9fe13d28a7aca3f30336fc8cfe8f9bf516a0",
    "source_audit_decisions_sha256": "8b96c4aba2d17b569dbf6cac7b7d5fe90e96e5d6e78540ce5ac80ca3d9b058a4",
    "source_audit_records_sha256": "cf79a65ab531f3609f20d6dcaaa4a683bbe7279ed591b21e947d64b274e38b7b",
    "report_sha256": "c43e29c7966ec8ca36c9bb83bfe40f6a15e26b2a7ac34f29b424aba3f0c1a47e",
    "reviewer_id": "codex-source-auditor-gpt5",
    "results": {
      "cnn_v2": {
        "generation_success": 14,
        "concept_recall": 0.75,
        "grounded_claim_precision": 0.8666666666666667,
        "citation_correctness": 0.625,
        "no_edit_acceptance_rate": 0.21428571428571427,
        "usable_card_conversion": 0.375
      },
      "vit_v1": {
        "generation_success": 16,
        "concept_recall": 0.4375,
        "grounded_claim_precision": 0.4375,
        "citation_correctness": 0.0,
        "no_edit_acceptance_rate": 0.0,
        "usable_card_conversion": 0.0
      },
      "rapidocr_stored": {
        "generation_success": 12,
        "concept_recall": 0.75,
        "grounded_claim_precision": 0.9166666666666666,
        "citation_correctness": 0.9230769230769231,
        "no_edit_acceptance_rate": 0.8333333333333334,
        "usable_card_conversion": 0.6875
      }
    }
  }
}
